customer_id,customer_name,state
1,Danielle Perez,West Dennis
2,Brandon Myers,Thomasfurt
3,Ronald Kim,Garyside
4,Spencer Hall,West Heatherport
5,Kevin Barnes,Maryshire
6,Mr. Ronald Owens Jr.,Lake Emma
7,Gavin Becker,Johnton
8,Sarah Carter,Rebeccamouth
9,Mr. Seth Lewis,Guerratown
10,Eduardo Watkins,South Lisa
11,Holly English,New Joshuahaven
12,Jose Collins,Timothyville
13,Jennifer Simpson,West Markfurt
14,Mariah Schmidt,West Shannonmouth
15,Crystal Perez,North John
16,Ian Anderson,East Mark
17,Dennis Gray,Millerburgh
18,Larry Green,Barnesmouth
19,Alicia Thomas,North Justin
20,Nathan Gray,Charlesview
21,Sandra Smith,Stevenland
22,Brenda Martin,Hardingview
23,Randy Parks,Edwardschester
24,Sarah Neal,South Damonfort
25,Caitlin Rogers,Davischester
26,Stephen Herrera,South Victoria
27,Joann Mendoza,Williamview
28,Susan Harrison,South Tyler
29,Samantha Todd,Francisside
30,Gerald Graves,North Thomasville
31,Kyle Sanders,Turnerside
32,Steven Hill,Brianport
33,Nathan Spencer,Lake Jennifermouth
34,Colleen Clark,Jordanborough
35,David Watkins,Jamesborough
36,Jennifer Herrera,Morganbury
37,Brittney Carr,Fernandezhaven
38,Brandy Powell,South Ericberg
39,Diana Taylor,Johnsonchester
40,Michael Rodriguez,Ryanburgh
41,Kevin Glenn,Johnstonburgh
42,Carla Mcdonald,South Sarahborough
43,Ms. Angela Williams MD,New Jonathonbury
44,Patrick Oconnor,Diazchester
45,Holly Ruiz,South Victoria
46,Seth Saunders,Brianmouth
47,Lee Coleman,Lake Gregory
48,Leah West,Arielmouth
49,Jessica Mcdonald,Noahhaven
50,Olivia Monroe,Lake Amyborough
51,George Hansen,Woodport
52,Deborah Campbell,Justinborough
53,Mr. Dylan Ramirez MD,East Nancyhaven
54,Dale Spencer,Matthewport
55,Eric Thompson,South David
56,Yvonne Arnold,North Jorge
57,Taylor Hernandez,Lake Austinborough
58,Debra Mooney,Diazburgh
59,Teresa Acevedo,South Mary
60,John Osborne,Carlaside
61,Ashley Rodriguez,Tuckerport
62,Nathan Morgan,Wesleyburgh
63,Mark Morgan,Medinaton
64,Steven Moran,Lopezmouth
65,Rhonda Yoder,New Amber
66,Matthew Jones,Justinberg
67,Maria Sanders,Port Joseph
68,Martha Hardin,Lake Rebeccachester
69,Brooke Simmons,Port Tiffany
70,Bryan Rhodes,South Lisatown
71,Kelsey Mcbride,Shawmouth
72,Nathaniel Mcgee,Port Lisa
73,Jeffrey Weaver,South Brendanborough
74,Emily Martin,Bellfort
75,Gina Palmer,Port Karenmouth
76,Holly Morris,South Louisstad
77,John Flores,Anthonyburgh
78,Caleb Jones,Port Matthew
79,Jason Lopez,New Timothyland
80,Elizabeth Boone,North Tina
81,Jesus King,Swansonport
82,Mitchell House PhD,New Aliciaburgh
83,George Torres,Port Lisatown
84,Dawn Mayo,East Anthonyfort
85,Kayla Williams,Bellmouth
86,Julie Farmer,Ramireztown
87,Gary Golden,East Raymondmouth
88,Jennifer Bradshaw,Johnview
89,Ralph Garcia,North Michaelstad
90,Thomas Guerrero,Jonesport
91,Alyssa Levine,New Dawn
92,Felicia Hoffman,West Ashleymouth
93,Christina Smith,Rosalesville
94,Adam Jones,South Crystalville
95,Kevin Perez,South Maryside
96,Amy Blair,East Patrick
97,Brandy Silva,Timothybury
98,Jane Rivera,Lake Christopherberg
99,Karla Frazier,North Jenna
100,James Carter,Port Emmaville
101,Steven Cortez,South Deborah
102,Jennifer Hill,West Brett
103,Shannon Clark,Lake Christina
104,George Sanchez,South Lisa
105,Dr. Sarah Walton DVM,Parkerstad
106,James Craig,Jenniferstad
107,Sarah Smith,East Amberside
108,David Thomas,Andrewport
109,Joseph Leonard,New Amandabury
110,Lynn Bell,Hahnmouth
111,Michael Jackson,New Brendaside
112,Chris Sanchez,East Christinaborough
113,Gregory Le Jr.,Dennisfurt
114,Tiffany Eaton,East Bonnie
115,Christopher Kelley,New Ryanshire
116,Katherine Gordon,North Daniel
117,Michael Kim,Ashleytown
118,Diane Martin,Garciamouth
119,Charles Glover,Jessicastad
120,Nicole Hoffman,Cunninghammouth
121,Jodi Poole,Meghanside
122,Valerie Johns,Charlestown
123,Luke Levy,Jamesberg
124,Tara Marquez,West Donald
125,Daniel Martinez,Port Kathy
126,Lindsey Diaz,North Williamville
127,Zoe Barry,North Rachaelville
128,Tony Lee,Smithfurt
129,Nathaniel Jackson,Port Amymouth
130,Olivia Kim,Lukestad
131,Larry Bishop,North Sarahtown
132,Jessica Manning,Larryport
133,Christopher Armstrong,Barbaramouth
134,Alexander Simpson DVM,West Deborah
135,Ronald Olsen,South Sharon
136,Michael Cabrera,South Wendyland
137,Keith Sanders,North Rachel
138,Craig Smith,Carlosbury
139,Elijah Burke,Larsontown
140,Jenny Holland,Dixonhaven
141,Daniel Johnson,Robleshaven
142,Jeffrey Chan,Lake Samuel
143,Sara Mendoza,East Nicole
144,David Henderson,Lake Lori
145,Julie Mcdonald,Smithside
146,Emily Snyder,New Georgeshire
147,Casey Adams,Meganville
148,Brittany Jones,Christyfurt
149,Heather Smith,East Josephshire
150,Ashley Price,Weavermouth
151,Toni Rich,South Ricardo
152,David Williams,Robinsonborough
153,Alexis Russo,Jesseside
154,Jasmine Riley,Laurenhaven
155,Antonio Hunt,Haydenchester
156,Joshua Kramer,Robinsonfort
157,Benjamin Rowe,South Juanview
158,Patrick Petersen,West Mary
159,Kevin Frederick,Comptonbury
160,Amber Bowen,South Carlchester
161,Rachel Garcia,East Rebeccaton
162,Casey Lee,New Stephanieshire
163,Andrew Braun,West Tammyfort
164,James Richardson,New Markville
165,Kimberly Bradley,East Davidside
166,Jesse Noble,Port Johnview
167,Brandon Wilson,Wellsshire
168,Sean Hoffman,North Davidfurt
169,Tammy Wright,East Malloryfort
170,Christine Nichols,New Kevin
171,John Walsh,South Patrickview
172,Michael Mcclain,Jessicaburgh
173,Vincent Walker,North Tracyshire
174,Sarah Fox,Port Russell
175,Kimberly Curtis,West Rebeccamouth
176,Scott Short,Dominguezstad
177,Mr. Robert White,Lake Ashleyfurt
178,Crystal Russell,Rojasview
179,Michael Mathews,North Jenniferberg
180,Jennifer Johnson,Larsenborough
181,Adam Washington,New Benjaminchester
182,Christine Larson,Robertsfurt
183,Joseph Mathews,West William
184,Pamela Franco,North Jamesland
185,Mark Johnson,South Kylieside
186,Ronald Abbott,New Patrick
187,Jason Kelly,Lake Darrenton
188,Mr. Wayne Taylor,Port Nicoleville
189,Dale Peterson,Coffeyshire
190,William Robinson,Jacquelineside
191,Amanda Clements,Port Christie
192,Todd Miller,Brianland
193,Jill Barnes,Hilltown
194,Pamela Werner,Reyesburgh
195,Jacqueline Bush,Melissaport
196,Zachary James,East Isaacland
197,Frederick Walls,New Tristanmouth
198,Renee Allen,Ashleyton
199,Jeffrey Johnson,Port Wayne
200,Todd Harris,Lake Annafurt
201,Darrell Wright,West Anthonyland
202,Marc Morris,South Eric
203,Kevin Graves,Lake David
204,Lauren Alvarez,Madisonmouth
205,Anna Lin,West Trevorville
206,Robert Sandoval,South Lisa
207,Sara Rodriguez,Lake Cassandra
208,Erica Hicks,West Christopherside
209,Dean Jefferson,Port Carmen
210,Vanessa Delacruz,North Benjamin
211,Patrick Ramirez,Port Leonardshire
212,Terry Walker,North Isabellaland
213,Jeff Fischer,Cabrerashire
214,Kevin Andrade,West Lauraland
215,Wendy Braun,West Monica
216,Samuel Williams,Lake Jimmyshire
217,Christopher Evans,Matthewsberg
218,Jenna Griffith,South Markchester
219,Rachel Simpson,West Maryburgh
220,Alejandro Lopez,East Kathleen
221,Heather Walker,Wyattview
222,Victoria Alexander,New Jason
223,Tyler Camacho,Cookview
224,David Fuentes,East Kristinland
225,Lindsey Harrington,Port Brandonhaven
226,Edward Moyer,West Steven
227,Susan Butler,Richardtown
228,Brandon Bennett,Johnbury
229,Laura Curtis,East Jasmine
230,Robert Larson,Scottburgh
231,Joseph Sanders,Wilcoxhaven
232,Jennifer Soto,Nathanview
233,Ashley Miller,Wrightchester
234,Michael Ramirez,Lake Tammyview
235,Bonnie Cruz,South Steven
236,Deborah Flores,Port Brian
237,Alex Diaz,Port Wesley
238,Jeremy Rivers,Christopherhaven
239,Amy Elliott,West Sarah
240,Natasha Ward,Martinezside
241,Victoria Morris,New Lacey
242,Cynthia Benjamin,Jamesville
243,Michael Fox,East Roberttown
244,Lisa Hamilton,East Paulmouth
245,Ashley Ford,Laurenburgh
246,Joshua Watson Jr.,West Tammy
247,Michael Thomas,Jonborough
248,William Douglas,Markside
249,Dr. Melissa Jones,Rachelview
250,Kathryn Rodriguez,East Amy
251,Elijah Griffith,New Ambertown
252,Morgan Adams,Chrisland
253,Michael Smith,Jenniferbury
254,Alan Andersen,Lake Jacob
255,Stephen Sloan,Millerville
256,Gloria Thompson,New Richard
257,Jose Carey,East Jakebury
258,Mario Snyder,Martinezstad
259,Joe Williams,Lisaville
260,James Crosby,Emilyberg
261,Patricia Lewis,Quinnside
262,Sarah Davis,Jacksonport
263,Heather Flores,Port Laurenmouth
264,Danielle Sullivan,Olsonstad
265,David Stanley,Josephmouth
266,Daniel Medina,Markland
267,Martin Miller,South Benjaminville
268,Brittany Walker,Leonshire
269,Michael Moran DDS,New Dennishaven
270,Russell Stewart,South Theresa
271,Mr. Jordan Kaufman,Davidsonmouth
272,Theresa Allen,East Clairebury
273,Kim Shannon,Williamside
274,Jennifer Key,Jeffreyborough
275,Michael Hamilton,Lake Brandonberg
276,Hannah Bailey,Mccoyton
277,Casey King,North Danieltown
278,William Thompson,South Ana
279,Angela Combs,Cruzchester
280,Joshua David,Mullinsview
281,Kelly Haas,Campbellland
282,Adam Johnson,Port Amandabury
283,Gerald Campbell,Sherylland
284,Tina Brown,Patriciahaven
285,Christopher Mathis,Jenkinsville
286,Amanda Davis,Tinaville
287,Connie Diaz,Costamouth
288,Caitlin Russell,Lake Robertfurt
289,Nicole Cunningham,Hayleychester
290,Veronica Young,Rosarioland
291,Brandy Simpson,Gonzalezville
292,Ashley Parker,Brockstad
293,Christopher Cole,North Samuel
294,Heather Schmitt,Carlyborough
295,Kelly Best,South Joshuachester
296,Jason Houston,Hughesbury
297,Kimberly Green,Mezafort
298,Lorraine Johnson,West Kimberly
299,Aaron Cole,West John
300,Frank Knight,Paulshire
301,Theresa Nixon,Phillipsfurt
302,Alexander Tate,Acevedomouth
303,Catherine Duffy,New Stevenburgh
304,Veronica Lewis,South Justin
305,Brendan Burton,Kennedyberg
306,Janice Ray,West Alexis
307,Ryan Tran,South Johnport
308,Kimberly Morris,Brooksport
309,Robin Williams,Ericksonstad
310,Angel Newman,Jayborough
311,Brian Hawkins,New Andreamouth
312,Brandon Doyle,North Alexis
313,Sophia Holmes,Amandashire
314,Ashley Henderson,South Zacharyhaven
315,Daryl Bryant,Cooperstad
316,Bruce Reeves,Port Timothy
317,Jeremy Wagner,North Katherine
318,Brandon Carter,Port Jonathanfort
319,Nicholas Barrera,South Jennashire
320,Mike Madden,South Jacobbury
321,Derek Lloyd,Cherylfurt
322,Brandi Gibbs,Port Carol
323,Jacqueline Price,North Sharon
324,Ryan Pierce MD,Tracyside
325,Brandon Williams,Port Reginaton
326,Andrew Simpson,Garcialand
327,Michelle Aguirre,Lake Bryanburgh
328,Peter Moyer,Brittanyland
329,Tanya Johnson,South Richard
330,Melissa King,Greenemouth
331,Emily Brown,Morrismouth
332,Eugene Mack,Martinport
333,Eric Higgins,New Olivia
334,Shelly Flores,Port Mariamouth
335,Cindy Lewis,Freyside
336,Chris Harrison,Lake Steven
337,April Saunders,Bondville
338,Sara Quinn,Juanport
339,Alyssa Rodriguez,West Nicholasstad
340,Richard Houston,Silvafort
341,Dustin Rodriguez,Lorrainemouth
342,Timothy Martin,Watsonberg
343,Joseph Bullock,Larryfort
344,Robert Ross,Lefort
345,Bryan Guzman,Robinsonfort
346,Gregory Bush,Perrybury
347,Calvin Burton MD,Lake Lisaberg
348,Krista Green,East Dustin
349,Catherine Matthews,Port Susan
350,William Williams,Williamston
351,Patrick Cruz,East David
352,Gabriela Daniel,West Edwardmouth
353,Lisa Herman,West Matthew
354,Brooke Ramos,South Elizabethbury
355,Phyllis Mccormick,Williamsmouth
356,Mr. Aaron Davis MD,Ethanmouth
357,Danielle Dean,West Patrick
358,Stacy Freeman,New Dustinmouth
359,Joseph Shelton,Benjaminport
360,Christine Whitney,Jacksonland
361,Ashley Garcia,Elainetown
362,Jacqueline York,Davidbury
363,Benjamin Scott,East Timothymouth
364,Patrick Cole,Michaelport
365,Mark Figueroa,Meganside
366,Karen Li,Port Frederick
367,Stacy Jones,South Maria
368,Samuel Jenkins,East Leonardfurt
369,Michael Lucas,Port Raymondland
370,Kelly Aguirre,Lopezville
371,Margaret Wood,Lake Regina
372,Juan French,East Stevenborough
373,Aaron Little,East Bradleyville
374,Julie Santiago,Lake Sallychester
375,Shawn Cunningham,Melissamouth
376,Joshua Henderson,Seanmouth
377,Courtney Horton,East Candaceburgh
378,Shannon Harris,New Jamiechester
379,Daniel Murphy,Chenburgh
380,Lauren Stephens,New Laura
381,Jeffery Walker,Wangburgh
382,James Evans,Port Coryview
383,Bailey Hill,Ronaldview
384,Jessica Rivera,Tannerborough
385,Henry Charles,North Christopher
386,Michael Benson,Woodsside
387,Dustin Schmidt,Joyton
388,Robert Black,Pattersontown
389,Gregory Kennedy,Howellfort
390,Stephanie Jimenez,Conniechester
391,Preston Clark,Diazland
392,Tyler Ross,Changland
393,Benjamin Torres,Willieberg
394,Ann Bullock,Lake Chadchester
395,Steve Orozco,Colemanbury
396,Charles Sandoval,Jessicaburgh
397,Tamara Martinez,South Joanna
398,Jeffrey Smith,Lake Victoriashire
399,Olivia Rice,Castroside
400,Lisa Adams,Smithmouth
401,Steven Santos,Franciscobury
402,Christopher Lee,Lopezfort
403,Brittany Hampton,Lake Ryanshire
404,William Williams,Gallowayburgh
405,Benjamin Burton,South Carriebury
406,Mrs. Lindsay Stephens MD,Kathrynchester
407,Kelly Russell,Dustinshire
408,Shirley Levy,South Garyville
409,Heather Andrews,Stephaniebury
410,James Haynes,Phillipsland
411,Kyle Howard,New Angel
412,Steven Brown,Port Robert
413,John Burns,Sueland
414,Christopher Stout,Rogersberg
415,Donald Cook,West Jasonside
416,Hannah Reed,South Brookeburgh
417,Paul Dudley,South Megan
418,Rebecca Webb,East Ryan
419,Michele Brown,Lisaland
420,Ryan Velez,Manuelside
421,Chris Benson,Stephenmouth
422,Christopher Taylor,Juliechester
423,Dr. Marissa Douglas,Lake Ryan
424,Robert Baxter,Phelpshaven
425,Elizabeth Ray,Fergusonview
426,Tiffany Martinez,Martinezfurt
427,Kara Vargas,Danielview
428,Jennifer Nelson,Youngchester
429,Craig Walker,Johnmouth
430,Misty Evans,Port Hailey
431,Monica Mendoza,Freemanbury
432,John Mitchell,Davidbury
433,Laurie Johnson,Jameston
434,James Hill,Michellemouth
435,John Rogers,Wyattshire
436,Heather Macias,Jamesmouth
437,Gina Mckinney,West Frances
438,John West,Millerburgh
439,Marie Ochoa,South Javierbury
440,Patricia Smith,East Justin
441,Brandon Roberts,South Robertberg
442,Tyler Lozano,Phillipfort
443,Mr. Eric Chambers,Bookerland
444,Stacy Phillips,Mistyview
445,April Bridges,East Marcusport
446,Daniel Guzman,Lake Tiffanyshire
447,Dawn Smith,New Robertton
448,Tracy Morgan,West Erinbury
449,Alan Barnes DDS,Chrisbury
450,Matthew Ramos,South Annaton
451,Robert Poole,Frederickville
452,Erik Murphy,East Michael
453,Angela Turner,Rodgersburgh
454,Adam Martinez,Boydstad
455,Carlos Daniel,South Marktown
456,Shannon Olson,Marymouth
457,Michelle Scott,New Morganshire
458,Charles Cooley,Petersonfort
459,William Jackson,Williamtown
460,Stanley Sanders,Port Samantha
461,Randy Anderson,New Davidbury
462,Deborah Brown,East Pamelaberg
463,Michael Dunn,Brianburgh
464,Sandra Francis,New Alicia
465,Katherine Meyer,Toddberg
466,Ian Hall,South Alexander
467,Barbara Casey,New Chelsea
468,Kimberly Simpson,North Laura
469,Shelby Martin,Port Maria
470,Amy Olsen,East Douglas
471,Derek Russell,Moralesside
472,Matthew Petersen,New Ivan
473,Alexa Walton,Fullertown
474,Jessica Evans,East Haleystad
475,Jimmy Small,Lake Raymondfort
476,Lisa Richards,Nicholsmouth
477,Judith Nguyen,Gwendolynland
478,Katherine Graham,Staceyberg
479,Jason Jones,Ingramville
480,Michelle Mays,Lake Samanthafurt
481,Kenneth Lee,Santanafort
482,Louis Casey,Lindaview
483,Paula Cooper,New Emily
484,Pamela Carson,New Karastad
485,Joshua Meyer,Youngside
486,Randy Patel,Baileyburgh
487,Denise Jackson,New Christinaside
488,Kristina Walters,South Gregoryberg
489,Pamela Thomas,Danielhaven
490,Barbara Wood,Markville
491,Beth Steele,North Jonathanview
492,Victoria Dorsey,West Georgeside
493,Dawn Dean,North Lori
494,Shawn Mckinney,Burtontown
495,Brian Anderson,New Joseph
496,Sheri Curry,West Kathleen
497,Frank Gomez,New Heidimouth
498,Brian Barton,Mullinsburgh
499,Chad Salazar,New Brendaborough
500,Darlene Nelson,Richardsontown
