payment_id,order_id,payment_date,payment_status
1,1,2023-07-12,succeed
2,3,2023-10-23,succeed
3,5,2023-05-26,succeed
4,44,2024-10-10,succeed
5,32,2024-03-19,succeed
7,23,2024-08-21,succeed
12,3,2024-02-06,succeed
13,2,2023-10-17,succeed
15,23,2024-12-14,succeed
17,23,2023-10-29,succeed
19,2,2023-04-12,succeed
21,23,2023-05-16,succeed
22,2,2024-12-01,succeed
23,2,2023-06-29,succeed
24,34,2023-11-15,succeed
25,5,2023-01-24,succeed
27,7,2023-10-21,succeed
29,4,2024-12-28,succeed
30,2,2024-09-09,succeed
31,3,2023-06-25,succeed
32,26,2023-10-13,succeed
38,48,2023-04-05,succeed
39,45,2024-12-27,succeed
40,15,2023-03-24,succeed
42,15,2023-04-21,succeed
45,5,2024-01-07,succeed
46,6,2023-03-05,succeed
47,8,2024-06-10,succeed
48,6,2024-08-31,succeed
